CustomerID,Frequency,AmountSpent
12347,27,75.54
12348,5,81.13
12349,16,53.57
12350,3,3.95
12352,17,109.7
12353,1,1.45
12354,11,47.39
12355,4,25.6
12356,10,38.82
12357,31,114.1
12358,2,11.9
12359,48,326.18
12360,25,110.51
12361,2,3.3
12362,56,242.06
12363,5,16.15
12364,18,64.16
12365,4,8.6
12367,2,0.63
12370,46,125.53
12371,8,25.7
12372,15,28.9
12373,3,6.55
12374,5,14.65
12375,5,49.16
12377,13,67.97
12378,45,146.84
12379,8,18.8
12380,22,80.93
12381,18,52.56
12383,16,73.86
12384,6,35.3
12386,2,2.9
12388,17,47.21
12390,6,13.58
12391,22,67.2
12393,13,25.75
12394,7,39.15
12395,25,112.75
12397,23,86.81
12398,17,26.12
12399,8,6.18
12401,1,10.95
12402,4,8.5
12403,1,18
12405,13,30.62
12406,29,61.1
12407,10,13.23
12408,21,42.21
12409,25,98.6
12410,5,28.8
12412,10,34.32
12413,5,14.61
12414,1,5.45
12415,143,299.79
12417,31,173.29
12418,6,23.08
12420,4,9.94
12421,10,43.57
12422,6,22.58
12423,25,85.04
12424,7,17.24
12425,8,29.95
12426,5,27.8
12427,8,22.5
12428,51,434.98
12429,18,48.79
12430,2,42.1
12431,47,156.47
12432,22,84.27
12433,84,171
12434,10,37.38
12435,11,77.81
12436,3,8.89
12437,37,168.08
12438,9,39.23
12442,1,2.95
12444,29,242.61
12445,2,2.7
12446,7,37.98
12447,4,27.19
12448,4,6.1
12449,38,143.85
12450,2,3.38
12451,73,166.21
12452,3,11.38
12453,7,15.12
12454,2,6.7
12455,15,76.88
12456,28,110.87
12457,8,53.14
12458,6,12.91
12461,9,25.58
12462,14,103.26
12463,13,37.38
12464,8,100.85
12465,13,25.15
12468,10,16.47
12471,91,328.65
12472,74,169.47
12473,34,80.87
12474,100,287.75
12475,11,25.22
12476,42,250.23
12477,61,338.1
12478,5,56.27
12479,6,10.9
12480,26,87.47
12481,38,104.93
12483,15,65.91
12484,77,242.62
12488,12,35.03
12489,2,7.05
12490,54,165.07
12491,4,8.8
12492,1,2.95
12493,2,3.3
12494,13,40.82
12497,1,0.85
12498,10,44.65
12500,9,50.77
12501,26,46.07
12502,28,228.1
12506,8,18.8
12507,4,15.92
12508,11,22.89
12509,2,1.7
12510,5,16.65
12512,6,13.7
12513,8,8.57
12514,9,41.95
12515,3,9.25
12516,6,7.66
12517,52,118.68
12518,28,77.73
12519,2,3.8
12520,28,146.39
12521,7,25.54
12522,3,9.59
12523,23,123.59
12524,27,76.05
12526,12,41.34
12527,5,26.28
12528,16,68.6
12530,11,42.96
12531,3,4.75
12532,1,8.25
12534,9,13.65
12535,7,29
12536,45,108.2
12538,2,18.2
12539,54,185.59
12540,89,389.57
12541,13,53.88
12544,7,49.33
12545,15,76.1
12546,13,32.75
12547,3,2.95
12548,1,1.45
12550,8,19.41
12551,1,1.25
12552,4,37.64
12553,26,82.62
12556,29,65.09
12557,5,8.55
12558,2,0.84
12559,5,11.64
12560,21,54.78
12561,2,5.37
12562,27,70.06
12564,2,7.9
12565,1,2.95
12566,1,1.25
12567,79,212.69
12569,39,217.19
12571,9,7.59
12572,13,56.34
12573,5,12.95
12574,2,20.95
12576,17,21.89
12577,26,53.04
12578,21,54.2
12579,7,34.77
12580,6,12.73
12581,4,3.72
12582,4,8.74
12583,45,120.04
12584,20,167.43
12585,16,56.84
12586,2,7.2
12589,4,6.33
12590,12,36.64
12591,6,21.8
12592,3,20.5
12593,3,21.75
12594,23,47.67
12596,5,32.06
12597,37,134.96
12598,29,65.74
12599,14,34.28
12600,13,72.65
12601,3,16.45
12602,2,13.2
12603,1,10.95
12604,4,21.75
12605,1,1.65
12607,45,82.52
12609,4,7.44
12610,18,66.25
12611,13,29.88
12612,5,18.85
12613,33,78.3
12614,5,35.65
12615,19,65.52
12616,6,33.1
12617,9,13.88
12618,4,9.15
12619,14,32.49
12620,16,32.65
12621,83,272.18
12623,5,8.55
12624,6,10.47
12625,9,6.3
12626,62,168.54
12627,44,142.4
12628,8,19.03
12630,11,27.65
12631,7,66
12633,17,39.07
12635,19,67.88
12637,79,295.4
12638,11,16.99
12639,2,1.9
12640,9,48.22
12641,1,1.65
12642,8,16.64
12643,1,2.55
12644,8,34.6
12645,16,49.95
12646,5,10.75
12647,25,120.2
12648,4,12.34
12649,4,7.35
12650,3,6.11
12652,11,37.77
12653,16,47.38
12654,4,10.8
12656,17,111.25
12657,10,42.56
12658,4,4.18
12659,1,18
12660,3,9.7
12662,40,131.91
12664,8,136.35
12667,9,26.03
12668,33,146.55
12669,16,59.69
12670,21,62.23
12672,2,10.5
12673,9,25.06
12674,17,60.34
12676,11,65.05
12678,35,59.03
12679,13,68.51
12680,9,24.29
12681,128,412.72
12682,90,326.25
12683,71,216.6
12684,14,30.79
12685,21,62.44
12686,4,21.12
12688,23,81.17
12689,9,19.45
12690,5,32.85
12691,5,9.65
12693,7,15.11
12694,7,9.4
12695,9,51.9
12697,7,13.87
12700,50,163.18
12701,9,44.77
12702,2,10.9
12703,6,9.25
12704,13,73.27
12705,60,174.34
12707,6,27.2
12708,39,138.76
12709,50,193.97
12710,10,13.87
12712,26,244.4
12713,8,14.1
12714,58,132.1
12715,7,12.14
12716,12,14.91
12717,9,74.08
12718,7,14.53
12719,8,50.2
12720,68,165.28
12721,19,51.13
12722,8,48.03
12723,13,21.24
12724,12,58.78
12725,2,6.35
12726,23,43.05
12727,27,128.27
12728,10,58.76
12729,8,41.65
12731,57,197.97
12732,2,1.7
12733,1,2.1
12734,1,1.95
12735,5,29.25
12736,2,2.37
12738,2,9.05
12739,9,33.14
12740,3,4.45
12743,21,75.73
12744,45,6618.64
12747,17,68.86
12748,852,3870.02
12749,39,157.41
12750,2,1.87
12752,13,33.86
12753,50,126.58
12754,10,11.25
12755,1,2.55
12757,68,1983.61
12758,16,19.91
12759,29,99.41
12762,10,24.57
12763,4,1.68
12764,12,60.8
12766,73,269.37
12769,3,18.58
12770,3,10.32
12772,8,26.57
12775,14,26.48
12778,8,21.95
12779,36,120.67
12781,6,45.54
12782,21,113.24
12783,16,423.35
12784,11,22.63
12785,3,20.25
12787,1,3.45
12790,5,23.72
12792,6,12.7
12793,5,33.64
12794,13,28.38
12795,5,28.68
12797,3,3.75
12798,2,2.15
12802,5,12.69
12808,9,35.88
12809,3,10.35
12811,5,12.7
12812,2,1.8
12815,6,58.15
12816,5,16.4
12818,4,3.67
12820,13,26.49
12821,1,0.85
12822,6,13.43
12824,6,11.43
12826,19,32.85
12827,4,4.45
12828,9,32.35
12829,2,40.14
12830,10,74.57
12832,6,23.63
12833,6,47.34
12834,2,4.65
12836,34,181.86
12837,2,9.9
12838,15,24.75
12839,55,111.9
12840,21,41.64
12841,84,165
12842,5,7.93
12843,23,70.71
12844,12,30.25
12845,3,11
12847,20,45.59
12849,11,31.32
12851,10,11.05
12852,6,13.7
12853,23,94.21
12854,16,44.19
12856,61,151.37
12857,13,69.15
12863,1,1.45
12864,1,0.83
12865,19,56.88
12866,3,5.85
12867,101,121.17
12868,23,64.16
12871,2,3.8
12872,15,36.95
12873,2,11.05
12876,13,39.14
12877,28,55.41
12878,7,18.4
12879,2,3.74
12882,2,10.47
12883,6,27.12
12884,1,5.95
12885,13,62.08
12886,15,54.42
12888,1,3.39
12890,13,39.01
12891,1,0.34
12893,7,15.57
12895,5,26.05
12897,1,1.45
12901,21,22.22
12902,1,3.75
12904,14,41.62
12906,12,36.75
12909,14,27.96
12910,14,27.6
12912,3,11.83
12913,12,27.81
12915,8,54.55
12916,24,78.99
12919,15,43.6
12920,4,28.6
12921,124,291.44
12922,5,6.95
12923,4,5.46
12924,7,28.07
12925,5,20.4
12928,15,24.11
12929,2,13.6
12930,2,3.8
12931,25,43.43
12933,15,39.3
12935,23,49.9
12936,11,20.18
12937,19,33.58
12939,8,12
12940,20,64.48
12942,14,49.33
12943,1,3.75
12944,8,28.44
12945,5,27.75
12947,17,67.73
12948,25,72.56
12949,39,100.95
12950,3,2.55
12951,16,62.4
12952,17,47.84
12953,3,14.95
12955,29,60.21
12956,3,21.59
12957,38,115.18
12962,3,5.9
12963,20,61.8
12965,21,70.42
12966,3,11.85
12967,6,20.4
12970,29,55.83
12971,43,114.99
12976,1,0.42
12977,1,8.5
12980,3,39.15
12981,4,5.6
12982,4,7.3
12984,1,2.95
12985,14,25.91
12987,3,14.65
12988,14,54.55
12989,16,45.86
12990,2,4.16
12991,8,17.01
12993,7,13.7
12994,11,44.7
12997,13,30.45
12999,8,8.89
13000,7,25
13001,66,161.43
13002,1,1.65
13003,2,2.5
13004,78,164.38
13005,3,13.45
13008,6,6.74
13012,17,51.92
13013,40,147.53
13014,23,122.95
13015,33,390.7
13016,8,17.95
13018,96,183.35
13021,22,74.24
13023,10,49.44
13026,7,4.05
13027,3,1.2
13028,12,14.12
13029,2,26.6
13030,15,44.51
13032,11,51.5
13033,3,6
13034,5,9.35
13035,7,13.6
13037,4,25.5
13038,4,11.9
13040,7,20.92
13043,1,8.5
13044,3,14.05
13045,2,3.33
13046,11,42.5
13047,34,128.6
13048,25,42.14
13049,3,17.55
13050,70,219.6
13052,1,1.25
13055,18,42.06
13058,1,5.45
13059,1,2.95
13060,3,6.25
13061,1,8.25
13062,4,43
13064,17,55.38
13065,3,13.32
13066,6,13.67
13067,4,20.8
13069,85,162.28
13070,1,2.08
13072,2,4.4
13075,3,4.15
13077,19,30.13
13078,80,292.75
13079,2,4.2
13081,186,418.98
13082,9,26.32
13083,8,35.92
13085,6,14.2
13089,321,838.26
13090,37,188.18
13091,4,4.81
13092,5,30.05
13093,29,76.23
13094,4,6.13
13095,1,0.39
13097,82,311.93
13098,99,334.12
13099,1,0.72
13101,1,0.39
13102,66,149.77
13104,1,1.45
13106,1,4.25
13107,12,26.95
13108,2,1.5
13109,14,31.14
13110,27,130.35
13113,48,155.56
13115,28,44.68
13116,8,30.01
13117,21,41.9
13118,11,36.77
13121,11,23.2
13122,9,11.63
13124,48,187.21
13126,23,45.83
13127,2,4.14
13131,7,29.8
13133,2,14.2
13134,15,32.02
13135,1,0.72
13136,25,66.11
13137,144,302.24
13138,8,20.42
13139,39,145.76
13140,9,25.59
13141,25,68.11
13142,2,0.84
13145,2,6.2
13146,6,9.57
13147,1,4.95
13148,57,231.94
13149,13,32.77
13151,17,100.15
13153,6,8.12
13154,1,611.86
13155,10,26
13157,12,40.72
13158,11,21.16
13159,20,55.04
13160,1,1.45
13162,14,15.78
13165,8,7.92
13166,6,13.2
13167,9,44.39
13168,23,80.19
13169,2,3.4
13170,7,10.47
13171,4,11.7
13173,9,20.05
13174,61,220.3
13176,16,29.16
13177,5,18.7
13178,47,84.92
13183,20,30.64
13184,32,53.99
13186,18,37.32
13187,6,29.6
13189,2,1.04
13192,11,35.78
13193,7,19.49
13194,2,7.2
13196,21,76.87
13198,38,72.39
13199,22,46.98
13200,6,29.55
13203,10,52.92
13207,4,12.68
13208,22,48.44
13209,67,147.29
13210,4,5.7
13211,11,24.4
13212,17,61.81
13213,20,69.5
13217,2,3.74
13218,1,0.21
13220,4,13.3
13221,15,72.1
13223,2,3.55
13224,18,41.03
13225,8,14.34
13226,3,3.35
13227,3,6.15
13229,4,10.6
13230,117,292.42
13232,33,117.56
13233,8,4.72
13235,9,26.12
13236,8,31.75
13238,8,53.57
13239,6,8.19
13240,15,39.94
13242,3,6.24
13243,13,75.43
13244,6,14.4
13245,4,20.5
13246,21,35.47
13247,8,16.35
13248,4,11.68
13249,5,7.1
13253,9,9.61
13255,3,21.15
13258,4,14.55
13259,21,47.72
13260,1,4.95
13262,1,0.29
13263,292,656
13265,23,56.08
13266,41,102.31
13267,45,155.15
13268,83,152.01
13269,67,194.06
13270,1,2.95
13271,14,13.76
13272,3,20.65
13273,5,6.32
13276,6,33.05
13277,2,2.9
13278,7,13.1
13279,2,7.2
13280,12,35.97
13282,5,16.58
13283,1,0.19
13284,3,15.32
13285,40,88.22
13291,8,30.99
13292,8,42.28
13294,8,28.3
13295,2,5.35
13297,8,27.23
13300,1,1.65
13301,22,52.88
13304,1,0.3
13305,15,43.46
13307,1,3.75
13308,15,59.06
13309,18,24.66
13310,18,82.46
13311,2,16.75
13313,15,31.9
13314,15,50.11
13316,15,46.39
13317,23,84.43
13318,3,4.65
13319,101,334.03
13320,24,51.26
13321,1,1.45
13322,6,12.74
13323,5,22.65
13324,15,18.57
13325,4,16.2
13327,23,54.8
13328,3,5.85
13329,6,19.2
13330,13,22.06
13332,3,16.15
13334,57,139.86
13336,12,38.72
13338,4,12.7
13339,15,56.4
13340,19,42.78
13341,6,41.2
13343,2,6.9
13344,13,57.94
13345,4,56.85
13347,2,2.71
13348,2,1.8
13349,2,2.7
13350,7,44.7
13351,6,19.04
13352,4,11.44
13354,13,14.97
13355,4,7.53
13356,11,53.43
13357,6,15.85
13358,8,25.47
13359,5,9.93
13362,27,116.88
13363,10,16.65
13364,5,9.75
13365,14,27.8
13368,6,9.22
13369,1,0.42
13370,7,19
13372,4,15.15
13373,29,78.05
13375,4,8.67
13376,8,12.8
13379,19,38.37
13381,40,145.5
13382,3,4.19
13384,23,69.86
13385,2,29.9
13388,6,17.6
13389,9,34.19
13390,3,8.35
13394,34,52.12
13395,3,2.58
13396,8,25.21
13397,8,24.04
13398,10,34.82
13402,12,31.83
13404,3,7.13
13405,6,26.23
13408,91,254.58
13410,5,12.85
13411,2,5.9
13414,1,2.25
13416,4,22.95
13417,8,41.33
13418,68,169.56
13419,6,7.03
13420,4,13.5
13421,14,32.77
13422,23,56.85
13425,23,69.01
13426,28,53.58
13427,7,10.34
13428,11,16.01
13429,18,27.68
13430,16,15.46
13431,13,41.11
13435,22,44.28
13436,2,28.9
13437,28,152.29
13439,13,20.93
13441,2,2.52
13447,14,39.82
13448,33,113.5
13449,4,10.53
13450,10,15.74
13451,84,177.2
13453,2,7.2
13455,10,56.34
13456,9,33.05
13458,73,198.22
13460,3,1.26
13461,5,9.17
13462,2,4.2
13464,4,14.59
13466,5,26.92
13467,17,41.64
13468,56,246.6
13470,2,3.3
13471,48,144.28
13473,4,27.48
13474,8,17.4
13475,19,78.72
13476,7,22.6
13477,12,37.04
13479,1,7.5
13481,15,27.05
13482,1,2.95
13483,1,0.42
13485,3,6.15
13486,18,50.4
13487,4,15.27
13488,82,283.27
13489,2,1.78
13491,17,51.41
13492,12,65.7
13493,1,40
13494,4,20.8
13495,9,18.75
13496,9,20.49
13497,3,10.15
13499,7,19.15
13500,18,58.61
13501,13,56.01
13502,4,10
13503,1,0.42
13504,1,0.42
13505,33,123.22
13506,4,8.3
13507,28,102.5
13508,2,7.2
13509,7,21.95
13510,22,41.06
13512,4,15.7
13513,2,3.3
13515,8,10.87
13516,5,13.65
13517,27,82.4
13518,14,49.05
13520,19,146.17
13521,75,129.11
13522,1,1.25
13523,41,413.36
13524,2,4.44
13525,3,8.95
13527,35,105.94
13529,4,29.15
13531,6,24.98
13532,15,39.44
13533,9,15.24
13534,66,191.67
13536,33,106.06
13538,3,24.45
13539,8,34.95
13544,15,48.34
13546,22,34.01
13548,21,41.61
13549,6,30.23
13551,1,5.95
13552,19,66.29
13555,28,66.04
13557,2,0.84
13558,31,60.22
13560,4,13.8
13561,1,2.1
13562,11,47.28
13563,15,48.62
13564,14,598.31
13565,6,10.87
13566,28,57.38
13568,13,49.5
13569,13,48.91
13570,5,14.49
13571,66,108.01
13572,4,40.45
13573,5,15.95
13575,11,23.07
13576,28,70.62
13577,15,44.25
13579,4,16.2
13581,5,20.55
13583,5,6.2
13584,9,21.05
13587,1,2.1
13588,30,39.13
13589,3,29.6
13590,19,46.06
13591,8,21.87
13592,2,11.78
13593,27,98.23
13594,2,1.67
13596,34,65.34
13598,14,55.86
13599,49,119.38
13600,4,12.06
13601,12,20.03
13602,3,4.68
13603,4,5.31
13606,8,13.28
13607,19,52.39
13610,52,136.26
13611,13,28.35
13614,37,131.49
13615,3,13.85
13617,9,29.03
13618,3,0.87
13621,3,7.05
13623,7,37.65
13626,4,10.94
13627,27,70.17
13629,11,38.18
13630,18,37.28
13631,4,27.7
13632,31,84.37
13634,33,105.94
13635,9,20.77
13636,16,51.56
13637,23,60.14
13638,3,14.42
13639,5,5
13642,12,22.09
13643,2,4.16
13644,21,46.35
13645,1,2.55
13647,13,38.37
13649,5,10.55
13650,15,42.57
13651,2,18.75
13652,12,53.1
13654,26,73.14
13655,10,19.09
13656,10,27.1
13657,5,9.11
13658,20,54.38
13659,20,76.18
13662,11,40.75
13663,3,16.92
13666,5,20.65
13667,19,49.35
13668,93,254.92
13669,2,3.01
13670,4,4.35
13672,2,8.44
13673,10,24.33
13675,5,7.32
13678,4,1.76
13680,42,103.04
13681,6,18.4
13682,1,4.25
13684,10,18.1
13685,7,4.39
13686,1,2.1
13689,1,1.79
13690,1,0.65
13692,9,61.07
13693,2,9.2
13694,122,193.44
13695,22,52.15
13697,5,5.42
13699,3,16.69
13700,44,69.4
13704,23,74.84
13705,6,172.79
13706,6,29.48
13707,10,46.1
13708,7,8.97
13709,58,205.38
13710,1,1.65
13711,1,9.95
13712,2,1.11
13715,18,37.79
13716,3,3.59
13717,17,35.85
13718,1,7.95
13719,6,12.28
13720,10,31.9
13721,8,18.54
13722,14,48.05
13725,14,81.25
13726,6,4.62
13727,3,5.3
13728,10,55.4
13730,7,19.41
13731,3,8.45
13732,5,6.65
13735,36,180.87
13736,34,71.77
13737,6,30.3
13740,5,10.43
13741,5,11.63
13742,62,285.38
13743,6,8.1
13744,17,25.36
13745,5,3.5
13748,6,19.14
13750,2,14.2
13751,2,8.37
13752,12,68.15
13753,5,5.42
13754,4,7.45
13755,59,148.3
13756,26,63.27
13758,21,54.64
13759,4,12.14
13760,8,13.05
13761,5,16.37
13762,6,7.37
13763,4,10.24
13764,44,126.61
13767,63,256.19
13769,25,77.82
13771,16,50.19
13772,30,91.95
13774,4,8.1
13777,49,99.76
13778,3,11.8
13780,11,23.5
13781,4,9.68
13782,27,69.8
13784,5,7.93
13787,5,17.89
13790,8,2.62
13791,4,5.07
13792,2,18.45
13798,83,205.29
13799,12,33.8
13800,4,12.6
13801,6,26.85
13802,13,45.18
13804,24,82.21
13805,2,1.87
13806,2,15.7
13807,2,9.6
13808,14,43.35
13809,4,38.6
13810,10,24.96
13811,5,41.25
13812,7,26.98
13813,14,39.82
13814,8,33.75
13815,27,59.12
13816,8,30.95
13817,2,6.2
13819,6,13.7
13821,14,62.11
13822,22,32.59
13823,11,43.54
13824,8,22.34
13826,2,10.5
13827,15,54.22
13828,2,3.3
13831,13,54.2
13832,1,1.45
13833,8,43
13835,9,25.38
13837,4,7.53
13838,37,108.92
13842,34,161.98
13844,5,13.12
13845,3,7.53
13846,5,32.55
13849,15,52.12
13850,13,28.42
13851,20,45.07
13853,2,3.73
13854,31,122.15
13856,4,3.3
13859,6,10.58
13860,11,44.31
13862,27,42.48
13863,7,22.44
13865,4,9.3
13866,1,2.95
13867,14,61.93
13868,10,22.4
13869,56,176.69
13870,23,88.07
13871,65,212.76
13873,3,9.39
13874,2,3.8
13875,18,23.74
13876,1,4.95
13878,9,53.23
13880,32,115.07
13881,30,70.05
13882,20,85.43
13883,28,86.09
13884,11,41.8
13885,9,32.8
13886,6,25.35
13887,1,5.45
13888,5,24.19
13889,3,12
13890,28,94.81
13892,12,13.42
13893,3,20.85
13894,1,2.1
13895,25,87.6
13897,5,6.07
13899,3,10.45
13900,8,33.68
13901,26,77.65
13904,7,8.75
13908,20,42.15
13911,20,45.65
13914,8,15.52
13917,5,4.97
13918,4,8.8
13919,6,3.75
13922,4,21.6
13923,2,1.21
13924,23,67.04
13925,12,110.42
13926,2,40.37
13927,4,15.2
13928,4,24.34
13929,1,9.95
13930,3,7.55
13931,10,26.78
13932,3,20.25
13933,3,5.85
13934,11,35.85
13936,5,8.94
13937,3,2.75
13938,1,0.83
13939,9,7.75
13940,8,28.74
13941,12,34.1
13946,1,4.95
13947,1,1.65
13949,31,49.74
13950,6,29.03
13951,7,18.02
13952,30,126.69
13953,3,4.6
13954,5,28.15
13955,7,22.69
13956,28,85.69
13958,2,15.7
13959,16,32.67
13960,2,3.8
13962,2,3.2
13963,8,25.05
13969,128,330.16
13971,32,78.44
13972,6,14.82
13974,7,10.28
13975,63,145.58
13976,1,3.75
13978,5,4.09
13979,12,21.55
13980,2,12.79
13982,25,53.79
13983,21,69.28
13984,3,8.96
13985,52,103.58
13986,4,8
13988,46,132.57
13989,7,19.98
13990,3,5.05
13991,20,31.27
13992,1,0.85
13993,22,106.7
13994,29,96.91
13995,11,13.63
13999,49,106.03
14000,2,1.14
14001,14,47.66
14002,10,7.69
14004,36,85.97
14005,15,60.21
14006,3,4.55
14009,6,24.1
14012,1,4.95
14013,4,3.52
14014,9,5.92
14015,3,10.89
14016,22,108.84
14019,11,20.13
14020,6,18.36
14021,4,22.4
14022,5,8.12
14023,7,18.05
14024,5,12.01
14027,2,4.16
14029,3,20.09
14030,34,104.49
14031,39,154.01
14032,33,63.39
14034,15,22.73
14035,10,17.19
14036,11,41.87
14037,4,13.4
14038,28,52.07
14039,2,3.3
14040,35,136.83
14041,3,8.3
14044,32,93
14045,2,10.15
14046,5,1.38
14047,9,44.25
14048,24,49.64
14049,97,242.06
14050,12,18.27
14051,48,219.28
14052,4,11.8
14053,1,1.95
14054,1,1.65
14055,3,24.6
14056,217,632.62
14057,54,97.55
14060,35,42.74
14062,19,52.37
14064,17,28.59
14067,7,6.26
14068,3,15.7
14071,60,146.74
14073,1,2.08
14075,6,14.63
14076,7,24.1
14077,7,17.93
14078,6,17.95
14080,2,2.1
14081,34,105.78
14082,3,15.85
14083,33,109.97
14085,68,151.27
14087,11,15.62
14088,114,547.14
14089,1,1.65
14092,38,122.86
14093,21,40.85
14096,968,9070.44
14098,3,10.08
14099,55,143.57
14100,4,15.5
14101,5,8.04
14102,16,34.34
14104,5,23.65
14105,21,70.81
14107,27,57.25
14108,4,4.87
14109,3,4.2
14110,29,74.57
14111,1,0.55
14112,38,114.86
14113,8,19.95
14114,4,25.14
14116,13,44.4
14121,25,54.93
14125,29,105.91
14126,2,4.9
14127,7,34.58
14128,7,19.55
14129,12,31.67
14130,10,43.95
14132,39,68.56
14133,11,60.13
14135,31,86.63
14138,6,12.02
14139,2,3.31
14140,17,25.31
14141,8,29
14142,2,3.24
14143,2,7.5
14145,1,4.95
14146,33,90.31
14147,1,8.5
14149,5,8.73
14150,6,9.56
14152,7,5.64
14154,11,249.58
14155,1,5.95
14156,255,944.23
14157,12,30.37
14158,9,10.38
14159,234,332.59
14161,17,49.68
14162,2,1.74
14163,8,37.03
14164,6,11.18
14165,2,5.05
14167,3,18.45
14171,12,36
14173,3,18.2
14174,6,9.32
14175,34,146.94
14176,5,13.45
14177,5,18.24
14178,56,77.7
14179,35,94.67
14180,50,560.55
14184,5,33.55
14188,16,37.07
14189,47,119.43
14191,37,93.02
14193,9,18.59
14194,105,341.51
14195,2,17.6
14196,2,4
14198,6,34.6
14201,10,37.77
14204,9,35.77
14205,10,35.13
14206,4,5.57
14208,2,17.45
14209,13,57.95
14210,18,63.6
14211,25,69.62
14212,2,1.14
14213,2,12.6
14214,12,37.15
14215,25,56.33
14216,13,42.89
14217,22,118.02
14218,3,2.89
14219,3,6.24
14220,4,6.03
14221,36,122.3
14222,5,9.02
14223,16,73.31
14224,19,62.63
14226,14,55.08
14227,32,97.08
14229,8,41.74
14231,11,33.51
14232,19,30.76
14233,7,16.99
14234,31,55.3
14235,15,37.5
14236,1,0.42
14237,5,33.55
14238,1,0.65
14239,23,87.23
14240,9,18.48
14241,3,5.25
14242,3,17.65
14243,29,112.17
14245,23,62.82
14246,16,41.44
14247,5,27.75
14248,1,0.85
14250,23,53.27
14251,12,21.36
14256,12,48.88
14257,15,26.61
14258,32,119.79
14261,8,58.24
14262,30,56.3
14264,2,13.2
14265,3,22.02
14267,14,77.92
14270,4,14
14271,2,3.37
14272,6,6.96
14273,8,20.36
14276,8,13.33
14277,43,215.34
14280,1,1.65
14282,20,25.22
14284,8,35.1
14285,4,18.94
14286,50,79.32
14287,3,7.75
14288,4,7.5
14289,11,58.13
14290,13,79.8
14291,39,130.15
14292,22,78.43
14293,8,15.75
14297,14,36.78
14298,294,424.04
14299,24,80.87
14301,6,9
14304,8,27.15
14305,18,36.71
14306,5,30.27
14307,31,71.88
14309,31,77.02
14311,7,24.13
14312,20,64.67
14314,1,0.19
14315,24,59.88
14317,6,27.55
14320,5,19.4
14321,27,42.27
14323,11,30.09
14326,2,5.5
14327,2,5.05
14329,57,140.82
14331,5,9.15
14332,6,14.94
14333,5,49.95
14334,39,134.17
14335,8,15.94
14336,14,23.44
14338,5,18.55
14339,3,6.35
14340,1,3.75
14341,25,37.92
14342,5,37.44
14344,13,23.74
14345,2,8
14346,11,41.22
14348,1,1.45
14349,9,21.58
14350,6,14.28
14352,8,32.14
14354,2,4.14
14355,1,3.75
14356,6,22.6
14357,8,14.27
14359,13,53.95
14360,18,73.5
14362,7,15.79
14364,9,36.7
14367,89,294.35
14371,1,4.95
14375,13,34.03
14377,1,1.25
14379,8,29.97
14381,14,15.64
14382,20,28.43
14383,10,61.09
14385,5,7.41
14386,1,0.85
14387,25,89.64
14388,37,77.05
14389,10,12.37
14390,57,155.34
14395,71,186.5
14396,17,55.37
14397,11,13.73
14400,3,2.73
14401,35,47.14
14403,5,31.95
14404,17,72.69
14406,1,9.95
14407,15,46.92
14408,21,38.97
14409,18,81.42
14410,53,128.74
14411,4,37.1
14412,7,13.58
14413,3,10.85
14414,17,13.9
14415,106,338.17
14416,3,6.39
14418,25,97.21
14419,28,72.84
14420,4,4.68
14421,6,13.85
14422,46,112.56
14423,1,0.85
14426,50,137.4
14427,4,9.37
14428,24,143.23
14431,4,27.15
14432,81,120.51
14434,3,9.75
14436,2,3.2
14437,2,2.3
14438,2,3.9
14439,11,70.15
14440,12,65.17
14441,9,62.83
14442,14,84.54
14443,18,39.7
14446,44,77.65
14447,12,29.44
14448,2,3.4
14449,58,91.95
14450,5,16.2
14451,22,40.35
14452,15,39.8
14453,5,17.45
14456,180,315.17
14459,7,21.76
14460,2,0.75
14461,29,114.47
14462,37,97.59
14463,1,10.95
14465,18,44.1
14466,16,61.8
14467,17,59.15
14470,7,23.15
14472,57,175.65
14473,3,16.4
14474,9,61.04
14475,8,19.33
14476,2,11.2
14477,2,3.87
14479,3,8.45
14480,1,4.95
14481,7,12.29
14482,26,75.49
14484,3,9.35
14485,9,17.78
14487,22,78.09
14488,10,16.37
14489,3,4.58
14491,3,13
14493,21,40.77
14494,2,3.1
14495,1,2.08
14496,7,35.39
14497,1,7.95
14498,32,61.79
14499,36,69.99
14500,2,7.05
14502,118,279.41
14503,44,117.17
14504,18,85.28
14505,159,508.21
14506,76,242.86
14507,15,55.1
14508,15,75.32
14511,19,36.33
14512,3,7.15
14513,4,11.9
14514,11,46.35
14515,25,75.74
14517,2,11.45
14518,2,6.24
14520,1,2.08
14522,4,9.3
14523,1,2.95
14524,35,198.47
14525,55,209.49
14527,193,1289.74
14528,3,6.27
14529,37,91.13
14530,37,169.16
14532,9,54.37
14533,8,8.12
14534,95,327.33
14535,59,150.81
14536,2,13.45
14537,2,7.54
14538,3,15.4
14539,5,5.24
14540,16,59.44
14541,24,63.07
14542,3,16.15
14543,24,156.75
14544,27,44.63
14546,75,202.66
14547,54,164.86
14548,3,7.65
14549,7,30.45
14550,10,31.05
14551,4,18.78
14552,8,16.08
14553,20,49.72
14554,41,92.77
14555,2,8.5
14557,6,9.67
14560,12,49.51
14561,12,27.88
14562,74,302.91
14565,30,70.56
14567,5,25.39
14569,2,5.05
14570,6,19.34
14572,51,127.48
14573,41,209.04
14577,25,64.5
14581,1,2.95
14583,66,119.28
14584,17,86.83
14585,5,9.61
14586,4,2.64
14587,65,179.87
14589,2,15.9
14591,34,88.57
14592,33,70.17
14593,23,56.48
14594,6,14.44
14595,18,54.51
14597,14,18.05
14598,10,16.9
14600,4,28.1
14601,2,2.5
14603,1,0.75
14606,485,1301.36
14607,17,46.49
14608,8,32.6
14616,1,4.95
14618,2,18.75
14619,4,15.4
14620,8,23.51
14621,20,61.83
14622,4,10.03
14623,21,60.03
14624,1,3.25
14625,6,27.35
14626,23,71.19
14627,1,4.95
14628,4,22.87
14629,28,73.28
14631,10,17.94
14632,3,4.23
14633,3,5.05
14636,7,17.13
14638,5,17.93
14639,30,148.58
14640,10,46.12
14641,2,2.3
14643,6,6.35
14644,4,23.1
14645,5,10.86
14646,384,851.75
14647,8,23.34
14649,40,114.79
14651,14,34.58
14652,3,12.86
14653,33,162.95
14655,13,40.81
14656,15,48.27
14657,19,44.38
14658,2,17.9
14659,46,143.92
14660,7,14.49
14662,29,78.5
14664,20,41.6
14665,22,74.38
14666,1,2.55
14667,120,384.73
14669,23,46.88
14670,20,29.53
14672,12,34.24
14673,13,29.8
14675,19,43.11
14676,12,20.42
14680,61,128.85
14681,1,3.75
14684,68,95.03
14687,3,5.2
14688,66,143.41
14690,9,21.47
14691,12,33.74
14692,16,42.65
14693,2,2.3
14696,22,55.59
14697,4,18.23
14698,36,119.24
14699,1,1.25
14700,19,42.69
14701,71,186
14702,67,209.46
14703,5,5.82
14704,73,160.9
14708,1,0.42
14709,30,64.51
14710,28,58.33
14711,59,259.05
14712,7,18.08
14713,72,161.36
14715,14,48.64
14716,8,16.22
14719,40,83.49
14720,8,39.3
14722,9,26.45
14723,46,121.46
14725,15,40.28
14727,3,23.65
14729,19,54.94
14730,93,233.11
14731,8,11.26
14732,26,66.47
14733,37,151.9
14735,32,123.78
14737,5,13.45
14738,6,25.9
14739,13,28.83
14740,12,29.1
14741,12,25.52
14744,3,13.9
14745,11,15.84
14747,1,2.95
14748,17,34.28
14753,6,18.43
14754,11,34.24
14755,54,228.08
14756,8,17.03
14757,2,7.2
14758,13,89.3
14759,24,121.14
14761,3,5.05
14764,3,4.8
14765,6,19.77
14766,30,80.25
14768,1,2.95
14769,202,562.83
14770,10,46.75
14772,3,19.95
14775,13,11.99
14776,18,19.71
14778,2,6.3
14779,8,79.7
14780,6,17.08
14784,3,3.13
14788,6,12.76
14790,7,18.84
14792,1,1.95
14793,2,5.77
14794,9,45.73
14795,3,23.85
14796,207,382.43
14798,4,5.88
14799,5,26.69
14800,58,136.45
14801,18,46.38
14803,6,25.4
14804,1,1.25
14805,9,63.23
14808,51,190.28
14810,41,92.75
14813,4,14
14815,10,15.94
14817,16,79.8
14818,13,44.94
14819,2,4.6
14820,6,23.65
14823,13,59.1
14824,4,12.51
14825,19,61.52
14828,4,16.38
14829,6,19.45
14830,10,14.72
14834,15,52.66
14837,24,50.42
14841,31,105.94
14842,24,92.51
14844,21,52.35
14847,5,20.63
14849,73,156.36
14850,5,12.6
14851,8,18.2
14852,22,73.28
14853,2,22.7
14854,24,50.54
14855,3,14.05
14856,12,29.24
14857,6,14.98
14859,10,24.04
14860,5,3.77
14861,1,4.95
14862,11,15.94
14863,3,8.29
14865,2,1.44
14866,18,46.02
14867,7,29.57
14868,34,77.83
14869,15,41.42
14870,5,16.45
14871,24,71.61
14873,4,17
14875,5,13.15
14878,25,75.26
14880,11,52.64
14881,4,3.52
14882,2,10.7
14883,11,13.22
14885,2,1.7
14886,6,22
14887,3,5.37
14888,5,10.15
14889,2,5.05
14891,11,21.07
14893,14,51.11
14894,5,10.9
14895,89,328.05
14896,8,24.9
14897,7,35.08
14898,24,92.77
14901,20,65.46
14902,5,12.72
14903,64,188.87
14904,17,14.93
14905,6,8.75
14907,34,89.58
14908,1,9.95
14910,9,15.22
14911,1090,4317.09
14912,3,2.52
14913,18,24.31
14915,2,14.4
14916,10,14.81
14918,6,21.45
14920,15,75.12
14921,15,23.99
14923,6,11.5
14924,2,7.7
14929,2,1.8
14930,23,108.41
14931,6,16.6
14932,5,33.29
14934,21,85.96
14936,73,245.19
14937,9,39.09
14944,28,80.63
14946,1,4.15
14947,5,7.28
14948,16,36.24
14951,4,3.18
14952,30,115.76
14953,11,19.49
14954,16,41.24
14957,1,1.95
14958,6,25.45
14959,6,8.8
14960,7,14.74
14961,54,182.75
14963,36,97.07
14964,2,1.7
14965,11,16.75
14966,6,9.03
14967,2,9.2
14968,5,9.64
14970,5,32.95
14971,29,105.34
14972,2,5.2
14973,6,156.9
14974,2,3.75
14976,15,52.53
14978,37,149.89
14981,2,3.3
14984,6,27.15
14985,18,30.47
14988,5,14.09
14995,11,35.7
14997,5,4.27
14998,8,7.47
15000,13,49.53
15002,24,52.41
15004,32,124.67
15005,206,500.12
15006,28,48.59
15007,1,4.95
15009,31,77.8
15010,4,11.9
15012,23,70.08
15014,5,6.26
15016,4,19.14
15017,3,10.58
15018,9,40.67
15019,14,30.66
15021,101,272.93
15022,24,53.74
15023,118,441.16
15024,29,85.36
15025,14,33.8
15026,11,30.45
15027,5,11.3
15028,11,14.19
15030,4,3.82
15031,18,56.59
15032,11,20.75
15033,108,219.26
15034,71,169.34
15035,5,11.09
15036,27,61.34
15038,28,109.89
15039,264,898.24
15041,9,14.08
15042,1,8.5
15044,85,468.42
15045,1,7.65
15046,41,107.69
15047,6,9.74
15048,20,38.87
15049,1,0.85
15050,15,58.93
15051,28,72.07
15052,7,14.95
15053,16,21.12
15054,24,41.55
15057,2,6.6
15058,51,136.76
15059,47,146.42
15060,24,54.59
15061,90,249.77
15062,12,25.6
15065,31,180.61
15066,10,43.31
15067,17,49.41
15068,18,51.82
15069,8,18.45
15071,4,9.1
15073,11,33.75
15074,9,23.39
15075,6,12.48
15076,10,22.61
15078,73,183.2
15079,3,7.05
15081,9,39.18
15083,1,12.75
15087,1,2.08
15088,15,52.98
15089,28,75.9
15090,4,12.8
15091,3,5.98
15092,6,31.69
15093,25,65.82
15095,10,17.84
15096,4,10.98
15097,8,30.38
15098,1,649.5
15099,5,11.48
15100,4,43.8
15101,2,4.24
15103,6,42.85
15104,13,100.54
15105,19,50.71
15106,22,52.25
15107,2,3.8
15108,16,59.35
15109,6,40.45
15110,7,104.45
15111,13,37.63
15113,18,39.76
15114,36,46.17
15115,5,4.49
15116,7,17.7
15117,14,20.21
15119,1,1.25
15120,1,9.95
15121,4,33.85
15122,14,55.79
15123,21,70.56
15124,4,11.68
15125,25,58.6
15127,1,1.65
15128,20,41.49
15129,16,65.19
15130,3,8.45
15132,10,18.75
15133,2,2.9
15134,6,15.8
15135,1,1.95
15136,18,31.53
15139,3,7.25
15140,11,46.22
15142,4,7.47
15143,5,21.15
15144,49,139.4
15145,17,59.16
15146,22,27.08
15147,4,8.7
15148,4,10.7
15149,6,33.6
15150,71,237.03
15152,50,166.8
15153,7,39.8
15154,21,61.87
15156,15,28.16
15157,23,24.52
15158,2,5
15159,140,361.9
15160,1,0.29
15163,5,13.34
15164,21,64.54
15165,9,47.15
15167,7,22.2
15168,1,1.45
15172,20,35.01
15174,1,1.65
15175,6,5.01
15178,2,3.2
15179,19,55.05
15180,1,3.95
15181,5,13.32
15182,1,1.69
15184,13,56.49
15185,2,0.58
15186,3,10.55
15187,17,69.61
15189,41,263.76
15192,7,16.57
15193,5,25.96
15194,60,151.67
15195,1,2.75
15197,7,17.4
15198,3,3.29
15199,3,13.45
15201,20,33.42
15203,23,24.81
15204,4,15.52
15205,4,15.5
15206,4,11
15208,7,49.17
15210,4,55.47
15211,7,34.34
15212,1,9.95
15213,3,4.85
15214,24,57.86
15215,11,51.45
15218,29,87.1
15219,1,6.65
15220,15,39.95
15221,1,2.95
15222,2,2.9
15223,7,14.88
15224,4,17.05
15225,5,17.9
15226,2,15.3
15227,10,44.3
15228,28,97.31
15230,2,2.07
15232,4,3.14
15234,3,3.88
15235,24,69.66
15236,1,4.95
15237,14,32.21
15238,14,161.89
15239,9,16.65
15240,13,34.4
15241,24,33.54
15243,3,3.65
15244,10,21.41
15245,14,24.16
15246,6,18.05
15247,1,2.75
15249,74,192.84
15251,17,63.88
15252,6,12.91
15253,13,24.72
15254,6,16.54
15255,7,29.72
15256,1,2.1
15257,1,165
15258,10,57.53
15260,14,45.35
15261,3,3.09
15262,1,2.95
15263,3,14.8
15264,5,9.55
15265,11,42.3
15266,1,7.95
15267,1,1.25
15269,1,4.95
15270,5,25.4
15271,48,111.67
15272,13,55.42
15274,6,10.39
15275,2,9.9
15276,10,18.07
15277,2,3.1
15279,4,7.74
15280,4,3.37
15281,26,86.11
15287,1,0.42
15288,10,27.74
15289,11,19.16
15290,40,138.98
15291,18,84.49
15292,5,30.72
15296,47,185.78
15297,9,34.91
15298,29,44.21
15299,3,16.81
15300,7,20.3
15301,46,118.71
15303,6,28.6
15304,8,45.7
15306,11,35.85
15307,1,7.95
15308,3,11.95
15311,457,1155.02
15312,8,20.24
15314,5,9.47
15315,3,4.22
15318,6,2.7
15319,4,10.45
15320,6,16.5
15321,14,53.5
15322,8,15.58
15325,5,9.38
15326,5,5.59
15327,1,0.85
15329,16,66.64
15330,3,2.26
15332,11,29.79
15333,1,3.39
15334,17,26.02
15335,7,19.5
15339,15,31.53
15341,4,10.91
15342,3,2.9
15343,4,22.9
15344,6,49.24
15345,4,46.7
15346,3,9
15347,1,2.1
15348,1,1.25
15349,13,27.19
15350,1,4.95
15351,48,154.77
15353,13,48.52
15355,2,11.9
15356,95,189.14
15358,107,241.11
15360,4,6.12
15361,1,1.25
15363,2,5.9
15364,6,17.11
15365,27,101.37
15366,10,22.77
15367,19,56.36
15368,2,10.35
15370,21,90.37
15372,4,1.56
15373,29,162.68
15376,24,57.91
15379,37,73.03
15380,9,56.64
15382,64,115.39
15384,9,22.06
15385,2,4.54
15386,6,10.37
15388,2,6.6
15389,1,1.25
15392,18,37.08
15393,2,2.5
15394,10,29.58
15395,4,25.15
15396,4,18.15
15397,1,4.25
15398,4,9.4
15399,10,14.5
15400,3,5.3
15402,7,26.89
15405,2,1.07
15406,9,43.03
15407,27,67.51
15408,7,32.6
15410,23,90.19
15411,19,71.03
15412,2,17
15414,9,18.7
15415,8,9.44
15416,33,124.79
15417,4,7.89
15419,2,2.97
15421,9,24.06
15422,1,3.75
15424,8,8.61
15426,55,116.67
15427,55,99.85
15428,1,0.85
15429,26,61.83
15432,1,2.1
15433,7,8.85
15434,11,47.22
15435,4,18.55
15436,61,126.66
15437,10,31.57
15438,9,40
15440,10,24.2
15443,87,244.72
15444,38,113.56
15447,4,18.04
15448,5,18.55
15449,9,15.77
15450,2,8.7
15452,8,26.95
15453,48,110.21
15454,6,22.6
15456,10,14.8
15457,17,26.94
15458,3,3.73
15460,10,23
15462,2,5
15463,2,5.2
15464,25,86.24
15465,20,123.73
15466,7,16.11
15467,11,19.59
15468,4,20.34
15469,3,11.78
15471,12,16.26
15472,10,27.4
15473,2,6.3
15475,3,3.35
15478,15,58.29
15480,11,38.12
15482,18,69.79
15483,20,41.37
15484,39,81.9
15485,19,79.24
15489,10,22.91
15491,33,134.46
15492,4,24.93
15493,57,261.79
15494,26,39.73
15497,5,9.55
15498,95,358.57
15500,14,51.87
15502,55,213.16
15503,9,16.54
15504,2,5
15505,19,31.27
15506,39,60.01
15507,14,61.27
15508,18,51.2
15510,1,125
15511,32,138.76
15512,1,3.75
15513,63,221.57
15514,33,97.92
15516,1,2.95
15517,4,5.91
15518,44,113.32
15520,4,9.1
15521,32,91.74
15522,3,2.49
15523,2,7.03
15525,33,111.23
15527,25,145.45
15528,4,19.1
15529,135,221.75
15530,16,46.37
15531,39,103.34
15532,52,188.81
15533,16,93.45
15535,12,48.58
15537,3,6.15
15539,7,10.48
15540,3,4.55
15541,4,7.21
15543,5,20.55
15544,46,56.43
15545,18,44.75
15547,134,325.58
15549,20,63.31
15550,7,33.95
15551,8,37.08
15552,1,2.95
15553,12,38.26
15554,3,15.95
15555,165,280.32
15556,8,13.2
15557,2,6.2
15561,7,34.63
15563,17,34.16
15565,1,2.1
15567,1,2.89
15568,10,31
15569,7,18.79
15570,63,248.24
15571,13,33.72
15572,32,78.9
15573,34,78.17
15574,29,77.38
15576,7,18.04
15577,7,17.95
15578,4,4.7
15579,9,35.05
15581,30,341.78
15582,5,11.52
15584,13,33.93
15585,5,12.79
15589,8,17.3
15592,2,1.66
15593,1,0.85
15594,15,43.04
15596,16,67.24
15597,2,1.94
15598,4,6.3
15599,14,22.8
15601,70,226.87
15602,13,40.38
15604,3,4.55
15605,10,39.02
15606,16,48.26
15607,6,11.17
15608,12,27.69
15609,5,25.65
15610,2,3.77
15611,7,36.17
15615,80,197.38
15618,9,22.97
15619,1,4.15
15620,17,44.71
15621,5,12.53
15622,41,150.57
15623,4,12.1
15624,8,24.89
15625,9,12.95
15626,6,20.62
15628,34,81.31
15630,14,38.77
15632,40,132.26
15634,2,7.5
15636,5,10.03
15639,6,18.71
15640,96,295.19
15641,27,48.43
15643,10,54.5
15644,46,79.9
15645,15,38.53
15646,12,30.05
15648,4,18
15651,7,16
15652,4,19.4
15653,2,1.7
15654,3,20.1
15655,3,11.3
15656,11,42.28
15658,13,81.75
15660,16,38.72
15661,2,2
15663,1,1.25
15664,6,31.73
15665,25,73.55
15667,1,0.39
15669,5,9.79
15670,2,14.7
15671,21,65.92
15673,26,72.76
15674,22,45.64
15675,3,2.07
15676,36,82.23
15677,12,34.18
15678,2,2.93
15679,20,20.02
15680,12,44.99
15681,13,25.13
15683,4,10.43
15687,35,153.03
15689,1,6.75
15690,2,1.24
15691,1,2.55
15692,3,7.89
15694,16,78.23
15695,1,1.45
15696,36,213.98
15699,1,7.95
15700,13,36.3
15701,41,139.54
15704,17,53.28
15705,2,15.9
15706,5,47.7
15707,35,80.56
15708,46,147.82
15709,1,0.85
15712,9,24.9
15713,3,29.15
15714,7,17.18
15716,13,18.7
15717,1,2.55
15719,173,362.42
15720,31,74.85
15721,19,28.97
15722,14,42.64
15723,9,26.55
15724,1,4.95
15725,6,18.28
15727,54,132.41
15729,1,3.75
15730,11,33.26
15732,3,9.15
15733,1,1.25
15734,3,26.7
15737,18,74.43
15738,29,67.87
15739,1,0.55
15740,1,0.39
15743,11,43.94
15745,7,16.72
15746,3,5.05
15747,14,54.74
15748,3,8.56
15749,3,10.7
15750,54,104.3
15752,75,124.02
15754,4,10.4
15755,33,80.07
15756,38,88.61
15757,4,17.27
15758,4,17.2
15759,2,10.37
15762,9,22.69
15763,10,78.88
15764,29,95.36
15766,3,15.65
15768,6,54.12
15769,22,46.28
15773,2,1.64
15774,8,43.65
15775,2,2.5
15776,3,9.52
15777,3,13.75
15780,4,26.6
15781,6,22.2
15782,12,84.98
15783,3,7.23
15785,24,90.56
15786,50,124.28
15787,42,116.18
15789,7,5.99
15790,7,10.01
15791,16,47.69
15793,2,18.44
15795,11,29.74
15796,31,152.75
15797,5,24.5
15799,22,39.13
15800,15,20.81
15801,13,20.51
15802,1,451.42
15803,1,1.69
15804,52,141.34
15805,57,171.2
15806,6,12.41
15807,6,19.6
15808,31,116
15809,7,38.15
15810,18,24.9
15811,22,62.69
15812,12,49.01
15813,5,11.63
15814,23,93.81
15815,6,14
15819,17,29.95
15820,2,8.4
15821,15,56.44
15822,6,20.7
15823,2,5.85
15825,4,138.23
15826,19,85.89
15827,27,143.95
15829,8,6.82
15830,2,2.34
15831,7,65.69
15832,12,31.24
15834,53,317.42
15835,8,24.08
15837,2,5.38
15838,38,74.53
15839,10,18.17
15840,3,5.66
15841,9,16.96
15843,3,30.45
15844,1,0.85
15845,33,94.29
15847,4,9.06
15850,17,22.69
15852,2,2.5
15853,6,12.93
15854,21,60.44
15855,14,19.68
15856,126,194.81
15857,1,2.55
15858,33,89.5
15860,26,74.65
15861,79,279.64
15862,32,85.69
15863,2,4.14
15864,3,6.25
15865,8,49.17
15866,14,67.22
15867,94,337.08
15869,3,9.65
15870,18,33.14
15872,35,83.39
15874,27,187.44
15877,28,62.5
15880,24,56.11
15881,5,7.45
15882,5,8.59
15883,4,7.42
15885,1,9.95
15886,1,9.95
15888,3,7.49
15889,17,46.42
15891,10,19.21
15894,6,13.79
15895,4,7.5
15897,4,4.52
15898,10,36.03
15899,1,1.65
15900,9,22.78
15901,25,39.47
15903,11,23.6
15904,7,15.58
15906,24,88.93
15907,43,133.09
15909,1,2.55
15910,55,93.51
15912,4,10.29
15916,18,42.69
15917,1,14.95
15918,6,16.24
15919,18,32.87
15920,9,19.28
15921,3,5.65
15922,2,16.5
15923,3,14.35
15930,5,15.28
15932,16,24.14
15933,12,23.52
15935,3,2.09
15938,5,10.89
15939,12,37.22
15942,2,10.6
15944,3,8.85
15947,3,10.03
15948,6,15.2
15949,2,2.04
15950,22,93.88
15951,11,33.49
15952,17,52.32
15953,19,59.89
15955,32,112.82
15957,7,14.68
15958,2,9.1
15963,8,14.14
15965,22,39.21
15967,18,52.33
15969,6,37.05
15970,4,9.1
15971,8,19.38
15974,34,95.22
15975,6,15.48
15976,14,31.32
15977,14,28.93
15978,7,11.62
15980,7,14.76
15981,20,44.33
15983,25,38.69
15984,57,133.56
15985,6,8.25
15986,2,3.38
15987,15,38.76
15988,3,5.54
15990,5,22.75
15993,103,234.23
15994,5,14.65
15996,26,92.37
15998,96,254.96
16000,2,14.73
16003,26,203.34
16005,33,75.03
16006,1,0.29
16007,70,120.89
16008,2,3.75
16009,19,54.08
16010,22,52.39
16011,43,96.79
16012,14,19.1
16013,29,86.67
16014,16,43.5
16015,33,55.13
16016,45,119.69
16017,4,6.25
16018,7,22.45
16019,27,92.35
16020,5,16.21
16022,11,50.75
16023,24,76
16024,15,14.84
16025,3,3.88
16026,10,12.1
16027,4,33.91
16029,50,8347.16
16030,5,6.95
16031,21,38.75
16033,208,718.51
16034,7,17.75
16036,10,25.87
16037,7,23.85
16038,3,17.49
16040,6,22.33
16042,11,31.52
16043,9,37.32
16045,19,55.16
16048,1,2.1
16049,57,93.02
16050,1,0.08
16052,4,7.45
16053,16,57.69
16054,8,39.8
16055,2,20.9
16056,10,54.97
16057,24,98.38
16059,29,78.45
16062,2,10.37
16063,6,12.27
16065,17,36.37
16066,14,55.92
16070,4,15.94
16071,1,1.65
16072,3,36.2
16076,25,57.02
16079,4,11.51
16080,1,2.08
16081,44,124.72
16083,1,1.65
16084,9,17.05
16085,37,88.82
16086,9,21.99
16091,5,7.71
16092,9,23.55
16094,14,42.1
16096,3,12.32
16097,2,11.2
16098,13,69.21
16099,8,13.64
16101,12,48.97
16102,9,18.67
16103,10,48.95
16104,4,24
16105,3,3.75
16106,1,1.65
16107,9,22.49
16108,21,41.01
16109,3,3.77
16110,62,117.84
16112,3,2.51
16113,6,30
16114,1,2.1
16115,53,112.31
16116,5,14.75
16117,9,25.79
16119,4,9.54
16120,5,11.46
16121,47,85.32
16122,7,13.62
16123,2,2.07
16124,2,33.9
16125,1,1.45
16126,15,57.08
16127,6,20.5
16128,15,33.35
16131,17,58.02
16133,69,314.7
16134,1,1.25
16135,4,13.55
16136,10,33.69
16139,5,12.54
16140,8,13.17
16141,10,61.32
16142,6,17.57
16143,22,182.7
16145,49,100.15
16146,9,18.46
16147,4,19.87
16148,1,1.06
16149,1,1.25
16150,31,130.1
16152,6,41.55
16153,19,64.16
16156,25,63.74
16157,6,25.49
16159,8,13.3
16160,3,2.89
16161,101,306.29
16162,1,12.75
16163,2,13.95
16164,7,14.63
16168,16,64.77
16169,17,41.65
16170,21,41.37
16172,10,20.35
16173,15,61.15
16174,4,27.35
16175,10,28.58
16177,1,9.95
16178,1,2.1
16179,3,16.08
16180,39,117.84
16181,1,1.65
16182,5,8.13
16183,4,14.64
16184,13,49.99
16185,4,18.05
16186,47,81.56
16187,49,136.88
16188,12,16.56
16189,3,4.35
16191,29,70.23
16193,2,3.4
16198,4,14.54
16200,37,98.09
16201,15,48.98
16202,7,18.25
16203,4,10
16204,11,23.79
16205,18,35.04
16206,7,10.25
16208,13,51.02
16209,6,24.35
16210,15,53.59
16211,4,9.25
16212,6,36.74
16213,1,1.65
16214,8,28.25
16215,2,10.5
16216,10,29.79
16217,7,29.56
16218,16,23.59
16221,16,39.54
16222,24,67.96
16224,15,30.66
16225,20,43.1
16226,1,1.25
16227,1,6.95
16229,7,24.47
16230,9,11.15
16232,12,30.37
16233,3,5.81
16235,9,34.15
16236,3,9.12
16239,7,24.75
16240,24,62.55
16241,113,253.13
16242,50,119.36
16243,9,108.65
16244,15,27.69
16245,15,42.13
16247,4,5.21
16248,1,2.08
16249,16,51.86
16250,7,25.65
16252,6,10.54
16253,21,37.15
16255,55,142.23
16257,2,46.95
16258,24,49.13
16260,5,24.7
16261,22,51.34
16265,52,197.77
16266,13,47.59
16268,13,85.01
16270,13,57.14
16271,20,21.56
16272,6,9.42
16274,13,64.75
16275,6,29.22
16278,6,38.08
16279,19,46.76
16282,3,5.75
16283,23,68.12
16284,26,58.51
16287,3,5.95
16292,2,2
16293,13,52.83
16295,16,51.18
16297,7,26.95
16298,5,11.74
16302,3,5.53
16303,26,68.82
16305,3,2.79
16306,8,11.32
16308,1,0.32
16309,9,29.32
16311,11,22.43
16313,3,9.05
16315,2,4.74
16316,29,243.6
16317,13,46.35
16318,4,9.9
16320,10,18.41
16321,5,20.75
16322,12,23.26
16323,1,4.15
16324,32,64.72
16326,56,293.44
16327,64,126.15
16330,6,10.03
16332,24,70.85
16333,12,12.45
16337,2,2.5
16339,6,43.7
16340,30,53.69
16341,11,24.19
16342,3,13.11
16343,7,15.9
16344,1,5.45
16345,11,71.16
16347,14,54.27
16348,39,98.74
16349,2,2.52
16350,15,54.95
16351,3,4.75
16352,5,6.62
16353,19,69.97
16354,6,9.88
16356,2,3.53
16357,8,38.94
16358,25,50.14
16359,10,31.97
16360,130,251.97
16361,21,80.37
16362,18,51.32
16364,6,26.95
16365,11,63.37
16366,3,23.12
16367,24,68.47
16368,9,18.93
16369,13,29.09
16370,35,76.88
16372,12,23.94
16374,20,42.64
16376,28,61.16
16377,2,1.27
16378,3,3.15
16379,22,44.79
16380,4,6.14
16383,16,26.89
16384,6,12.9
16385,11,23.23
16386,18,30.68
16389,7,17.2
16392,11,28.34
16393,69,137.15
16394,13,11.33
16395,43,77.87
16398,20,176.91
16399,11,38.72
16400,4,21.25
16401,36,49.78
16402,10,33.65
16403,3,4.15
16404,7,38.3
16405,3,5.45
16406,14,34
16407,38,114.5
16409,44,111.89
16411,7,10.88
16412,6,9.4
16413,9,26.83
16415,5,10.03
16416,16,44.61
16418,17,87.83
16419,14,44.4
16422,68,188.29
16423,3,3.76
16424,3,24.7
16425,1,7.95
16426,82,158.91
16427,2,2.9
16430,3,10
16431,16,30.72
16432,1,2.55
16434,15,61.1
16438,22,56.86
16440,49,123.07
16441,7,18
16442,32,73.57
16444,14,18.73
16445,11,34.58
16446,2,2.9
16447,10,30.47
16448,4,20.1
16449,8,28.39
16450,1,1.25
16451,1,0.42
16454,2,16.05
16455,18,41.41
16456,26,49.62
16457,2,7.2
16458,37,72.1
16460,31,53.48
16461,3,6.65
16462,1,8.5
16463,18,29.92
16464,41,81.83
16466,25,55.49
16469,34,89.96
16470,29,54.37
16471,2,2.1
16473,3,3.75
16474,71,140.3
16475,5,7.35
16477,28,57.46
16478,3,14.15
16479,5,18.3
16480,11,38.34
16482,3,1
16483,3,4.85
16484,5,21.1
16485,8,25.94
16488,4,1.79
16491,5,28.65
16493,7,19.59
16494,8,12.4
16495,11,31.8
16496,15,35.23
16497,34,116.91
16498,1,3.75
16499,2,25.5
16500,2,3.78
16503,17,59.15
16504,22,28.85
16505,2,1.87
16509,1,12.75
16510,1,1.65
16511,34,84.79
16513,6,15.41
16515,23,54.2
16516,1,1.45
16517,3,6.3
16518,5,9.34
16519,3,20.8
16520,33,106.75
16523,61,222.11
16525,44,167.19
16526,2,13.75
16527,2,3.8
16528,3,14.15
16529,6,20.45
16531,15,51.12
16533,35,76.29
16535,5,6.08
16536,15,77.82
16539,9,36.98
16542,1,2.95
16546,5,6.45
16549,178,377.41
16550,47,136.96
16551,5,8.09
16552,6,10.28
16553,18,40.42
16554,14,45.42
16555,2,2.97
16556,44,142.03
16557,2,17.45
16558,89,246.24
16560,8,60.12
16561,4,9.4
16563,2,2.7
16565,1,5.95
16566,3,4.66
16567,4,3.47
16569,1,0.42
16570,24,80.17
16571,16,24.17
16572,12,33.61
16573,10,35.71
16574,9,9.36
16581,3,5.45
16582,1,0.42
16583,2,5.9
16584,9,35.1
16586,3,13.95
16587,3,23.55
16589,6,7.6
16591,2,7.5
16592,35,68.85
16593,3,10.85
16594,9,22.24
16595,13,25.64
16596,3,14.75
16597,2,3.14
16598,3,4.55
16600,7,7.1
16601,7,23.2
16602,6,10.24
16603,7,15.74
16607,31,335.94
16609,51,175.16
16611,3,9.15
16612,19,46.59
16613,4,10.45
16614,4,19.1
16616,6,13.27
16617,2,3.2
16618,17,43.59
16619,2,6.6
16620,3,9.28
16621,4,15.21
16623,1,2.95
16624,6,20.37
16625,4,10.3
16626,31,103.98
16627,5,20.59
16628,19,54.13
16629,8,13.3
16633,34,162.89
16634,2,6.2
16637,17,23.66
16638,24,79.32
16639,6,19.58
16641,1,0.42
16642,11,44.62
16643,5,10.59
16644,12,8.85
16647,4,10.61
16648,6,7.9
16650,4,11.45
16652,22,92.68
16653,19,55.88
16654,2,11.05
16655,54,109.2
16656,12,35.33
16657,35,57.8
16658,2,6.2
16659,1,0.85
16660,4,9.08
16665,1,9.95
16666,3,3.62
16667,8,15.84
16668,2,2.95
16669,28,69.21
16670,47,135.96
16672,16,57.2
16674,18,40.35
16676,17,65.74
16678,37,75.33
16680,2,3.2
16681,6,9.49
16682,6,5.29
16684,53,151.1
16685,11,24.29
16686,114,261.93
16688,12,43.62
16689,5,20.72
16690,1,0.42
16692,1,7.45
16693,11,32.88
16696,3,16.05
16697,2,5.2
16700,59,123.6
16701,33,69.74
16705,57,242.79
16706,23,68.29
16708,6,15.6
16709,12,78.09
16710,68,170.73
16711,5,7.77
16712,71,207.34
16713,121,382.05
16714,15,38.29
16715,8,3.3
16716,1,7.65
16717,56,223.89
16718,10,21.82
16719,36,133.65
16720,4,17.03
16721,7,17.3
16722,45,59.64
16723,9,188.51
16725,31,112.88
16726,29,62.07
16727,7,9.75
16728,46,100.44
16729,114,253.55
16730,20,23.56
16732,10,40.95
16734,7,42.55
16735,27,48.79
16739,6,20.8
16743,26,37.85
16744,47,139.86
16745,80,130.83
16746,84,182.92
16747,5,14.65
16748,12,21.09
16750,19,89.93
16751,4,7.9
16752,2,19.9
16753,8,11.29
16755,42,124.74
16756,3,13.69
16757,1,2.55
16758,5,32.43
16759,8,13.51
16761,1,3.75
16762,16,94.24
16763,3,5.95
16764,158,404.78
16765,1,8.5
16766,5,8.65
16767,42,78.33
16768,9,33.95
16769,10,33.83
16770,27,58.69
16771,48,130.13
16773,4,13.7
16774,10,18.67
16775,29,140.23
16776,14,21.2
16777,9,26.51
16778,1,0.55
16779,74,183.52
16780,12,27.97
16781,3,24.55
16782,40,143.48
16784,1,3.75
16788,31,56.13
16790,16,37.94
16791,51,163.66
16792,2,10.8
16794,54,94.22
16795,12,29.5
16796,7,15.15
16800,28,102.62
16801,20,145.3
16803,1,4.95
16804,15,56.87
16805,20,28.1
16806,13,58.56
16807,9,17.32
16808,6,23.47
16809,28,42.37
16810,5,12.9
16811,4,8.84
16812,3,19.35
16813,73,117.68
16814,74,257.31
16816,6,13.54
16817,16,43.67
16818,37,82.49
16820,6,8.94
16823,7,12.89
16824,7,21.71
16825,5,11.3
16826,3,3.95
16828,3,18.75
16829,4,13.74
16830,4,9.95
16832,3,23.1
16833,7,20.95
16835,4,14.21
16836,3,9.55
16837,23,97.82
16838,5,182.04
16839,61,179.31
16841,20,25.91
16842,11,27.76
16843,78,154.35
16846,2,1.67
16847,3,13.65
16848,1,2.08
16849,1,6.25
16850,1,1.25
16851,3,5.79
16852,1,0.55
16855,2,2.5
16858,3,15.6
16859,9,26.3
16861,2,2.95
16863,7,8.36
16866,1,0.85
16869,21,60.37
16871,25,66.96
16872,2,1.89
16873,46,127.21
16875,22,74.61
16877,25,84.84
16880,37,186.11
16882,3,13.75
16883,10,32.95
16884,4,14.25
16885,15,42.55
16887,5,12.08
16889,28,107.02
16891,38,135.42
16892,13,25.42
16893,8,15.29
16895,17,43.44
16897,15,68.59
16898,27,60.91
16899,19,70.62
16900,16,29.2
16902,6,20.34
16903,11,24.74
16904,129,435.24
16905,36,136.06
16906,21,62.82
16907,25,98
16909,4,20.42
16910,104,253.87
16912,28,138.59
16913,1,3.75
16914,5,6.21
16915,4,20.25
16916,36,72.99
16917,2,7.01
16918,25,52.75
16919,63,172.43
16921,14,26.88
16923,115,324.42
16924,19,80.85
16926,3,24.95
16927,2,2.07
16928,27,49.35
16929,15,42.26
16930,13,19.98
16931,172,336.41
16932,12,25.35
16933,9,15.04
16934,16,58.23
16936,8,16.54
16938,46,131.12
16940,53,89.22
16942,44,139.62
16943,5,34.45
16945,52,112.41
16947,5,21.39
16948,7,14.19
16949,15,155.02
16950,6,25.83
16951,25,31.49
16954,9,34.41
16955,5,24.64
16956,4,29.8
16957,1,1.45
16959,2,2.3
16960,17,34.47
16963,1,2.95
16965,9,26.82
16966,8,13.11
16967,1,1.25
16968,5,17.63
16969,12,24.92
16971,9,83.6
16976,1,10.95
16978,5,11.65
16979,19,78.1
16980,18,43.75
16982,3,6.67
16983,20,45.33
16984,71,265.1
16985,26,109.02
16986,1,2.08
16987,33,180.15
16988,1,2.89
16989,3,2.95
16992,14,40.27
16996,10,27.2
16999,4,7.47
17001,41,118.17
17002,3,6.95
17004,6,29.83
17006,11,46.15
17007,8,17.23
17010,1,3.75
17011,2,2.3
17014,13,46.7
17015,41,46.23
17017,48,77.79
17018,4,16.78
17019,43,81.72
17022,2,2.37
17025,1,1.25
17026,1,1.69
17027,40,106.43
17029,1,1.79
17030,1,1.45
17031,5,8.68
17033,8,18.68
17034,7,19.87
17035,4,17.2
17037,18,41.28
17038,4,19.6
17040,3,3.07
17041,14,34.51
17042,19,55.37
17043,17,54.16
17045,6,27.64
17046,4,21.5
17047,8,41.34
17048,7,31.76
17049,68,202.19
17050,55,170.42
17051,4,6.6
17052,16,39.23
17053,5,30.95
17054,16,69.76
17058,11,41.84
17059,106,292.02
17061,21,104.15
17062,11,21.49
17063,14,30.28
17064,11,39.6
17068,45,125.18
17069,29,107.31
17070,14,35.72
17071,22,74.55
17073,30,94.17
17075,12,67.21
17076,6,29.81
17078,4,1.81
17081,12,40.53
17082,6,17.7
17083,7,11.95
17084,32,99.7
17085,37,106.04
17086,20,27.7
17088,21,71.95
17090,14,34.7
17091,33,120.42
17092,27,61.38
17094,2,7.05
17095,11,44.05
17096,9,36.71
17097,43,98.41
17100,8,14.41
17101,12,30.67
17105,16,24.29
17107,75,273.55
17109,20,44.3
17110,2,5.4
17111,5,7.71
17114,27,147.23
17115,9,26.02
17117,1,0.55
17118,1,1.65
17119,9,32.88
17120,3,12.7
17122,1,1.65
17123,1,1.65
17124,4,14.1
17125,8,45.7
17126,50,89.79
17131,21,70.84
17133,4,11.8
17134,5,25.65
17135,15,105.19
17138,5,32
17139,79,232.27
17140,8,12.68
17142,2,21
17144,6,36.02
17146,7,107.95
17147,12,35.34
17148,3,4.98
17152,5,13.05
17153,3,13.05
17154,5,6.16
17155,4,12.55
17157,1,1.45
17158,11,46.08
17159,22,63.01
17160,45,87.19
17162,21,92.48
17163,2,9.2
17164,22,51.44
17165,2,9.2
17166,2,8.7
17169,11,27.38
17172,6,4.24
17173,18,70.53
17174,1,1.95
17175,12,51.54
17176,3,6.62
17179,25,51.57
17180,25,64.84
17181,4,13.7
17183,12,52.84
17187,2,3.9
17188,16,48.35
17189,9,15.42
17190,3,6.65
17191,35,99.65
17193,5,13.69
17194,4,15.36
17197,4,27.75
17198,19,43.88
17201,6,10.82
17203,28,58.48
17204,15,68.9
17205,1,0.42
17206,1,2.08
17211,32,93.33
17213,30,124.23
17214,19,100.3
17217,3,13
17218,51,147.42
17219,3,5.82
17220,92,209.93
17221,10,19.69
17222,5,14.17
17223,11,72.1
17226,2,6.4
17227,11,14.54
17228,44,89.18
17229,9,16.01
17230,10,43.61
17231,105,270.5
17232,10,18.94
17233,3,21.2
17234,2,1.27
17235,4,7.98
17236,18,39.12
17237,2,6.23
17238,92,231.85
17239,2,2.2
17242,10,18.43
17243,92,379.74
17244,2,2.9
17245,3,12.25
17247,10,39.53
17248,15,33.62
17250,13,43.15
17251,4,12.5
17252,18,43.26
17253,4,39.4
17254,18,26.63
17255,19,36.41
17256,3,10.15
17259,31,67.42
17262,2,4.64
17263,2,0.84
17265,22,49.79
17266,11,19.23
17267,6,23.27
17272,22,40.24
17274,4,7.89
17277,10,35.1
17278,4,9.74
17279,1,2.55
17282,23,67.94
17284,52,85.43
17286,5,9.85
17287,26,65.5
17288,27,63.21
17289,19,54.94
17290,22,49.8
17293,20,33.59
17295,12,53.77
17297,8,19.34
17298,5,10.78
17299,7,9.39
17301,21,46.44
17302,13,29.18
17303,9,24.92
17306,12,20.77
17309,1,3.75
17311,10,31.84
17312,3,4.85
17313,6,8.4
17314,23,69.35
17315,93,246.89
17317,1,1.06
17320,15,35.64
17321,24,57.49
17323,40,62.43
17324,9,17.56
17325,3,4.85
17329,6,22
17333,11,14.95
17334,1,0.42
17337,100,260.12
17338,127,388.46
17339,3,10.65
17340,73,197.13
17341,37,91.98
17343,1,0.29
17344,4,6.67
17345,19,66.5
17346,94,221.7
17348,38,64.05
17349,1,12.75
17350,13,33.83
17351,5,34.7
17354,1,1.85
17356,2,1.8
17357,11,40.17
17358,9,21.39
17359,3,1.2
17360,23,87.92
17361,8,35.38
17362,8,14.22
17364,72,184.75
17365,86,158.06
17367,7,20.75
17368,28,66.46
17370,7,5.97
17371,18,54.4
17372,41,89.57
17373,14,29.12
17374,2,12.9
17375,7,24.83
17376,3,14.95
17377,79,374.08
17379,11,17.51
17381,20,32.18
17382,2,17.1
17383,6,7.13
17384,3,4.98
17385,9,12.05
17386,6,11.34
17387,16,23.51
17388,5,12.35
17389,32,163.52
17392,11,40.64
17394,1,1.45
17396,4,26.75
17397,21,75.3
17398,5,23.2
17400,44,108.67
17402,8,41.25
17403,7,22.49
17404,39,70.7
17405,15,32.32
17406,18,328.77
17409,4,23.93
17410,14,60.57
17411,8,36.04
17412,15,38.21
17414,2,1.37
17415,3,17.23
17416,50,116.73
17418,6,14.81
17419,44,178.34
17420,2,9.75
17422,27,48.24
17423,6,11.04
17425,9,25.31
17426,39,106.4
17428,63,191.16
17429,9,19
17430,4,6.48
17431,9,15.06
17432,5,10.73
17433,6,18.59
17434,21,48.49
17436,4,9.1
17438,5,24.85
17440,2,1.04
17442,29,85.68
17444,24,58.68
17446,3,1.65
17447,11,19.64
17449,46,167.81
17450,57,297.45
17451,18,38.57
17453,3,7.39
17454,9,12.95
17455,1,1.65
17456,3,2.55
17457,1,12.75
17458,6,17.1
17459,25,41.65
17460,4,16.95
17461,25,59.32
17462,7,18.05
17463,26,83.05
17466,9,46.69
17468,1,1.25
17469,12,44.61
17470,13,9.65
17472,24,40.02
17475,3,2.29
17480,5,8.07
17481,12,38.47
17483,4,19.1
17486,8,21.11
17489,5,6.92
17490,11,19.57
17491,22,82.09
17492,2,14
17495,2,15.25
17496,3,9.7
17498,8,9.57
17499,7,14.29
17501,2,2.1
17502,2,5.9
17503,5,17.53
17504,32,111.92
17505,11,34.27
17506,2,5.83
17507,16,51.5
17508,5,10.35
17509,69,148.46
17510,1,2.95
17511,220,516.51
17512,19,38.01
17514,5,12.28
17515,10,45.05
17516,26,58.13
17517,2,14.4
17519,18,38.81
17520,3,26.75
17521,7,15.35
17522,21,34.06
17523,5,6.11
17524,1,1.65
17525,2,11.7
17526,5,17.37
17527,7,23.56
17528,40,114.62
17530,75,216.68
17531,4,15.1
17534,1,2.1
17535,4,5.9
17536,2,25.5
17537,15,34.38
17538,1,0.65
17540,7,24.15
17542,5,9.85
17545,23,62.67
17547,1,2.95
17548,2,3.3
17550,10,44.9
17551,11,35.15
17552,10,31.57
17553,1,1.25
17554,13,75.79
17555,28,58.08
17556,3,20.32
17557,5,3.7
17560,8,36.56
17561,5,16.18
17562,9,19.19
17564,11,41.19
17566,36,95.65
17567,36,94.88
17569,3,5.65
17571,50,135.13
17572,1,2.95
17573,5,9.95
17574,3,5.18
17576,80,245.65
17579,11,25.72
17580,10,25.85
17581,90,214.14
17582,9,20.93
17584,6,42.25
17585,35,42.53
17588,2,4.44
17589,56,111.7
17590,34,91.18
17591,28,99.85
17593,45,133.08
17594,15,29.04
17595,19,48.89
17596,53,126.08
17597,7,21.1
17600,1,16.65
17602,94,166.36
17603,1,2.08
17604,11,25.21
17608,9,8.97
17609,53,120.13
17611,114,292.07
17612,25,95.15
17613,55,159.02
17614,16,32.32
17615,4,9.95
17616,1,2.55
17618,12,77.55
17619,13,30.59
17620,2,9.33
17621,5,16.65
17623,7,12.23
17624,9,20.88
17625,56,145.86
17629,27,46.15
17630,3,37.65
17631,8,15.77
17633,14,34.49
17634,50,191.46
17636,3,9.35
17637,9,28.7
17639,1,9.95
17642,4,10.05
17643,2,15.9
17644,28,87.75
17646,4,18.5
17647,1,4.95
17648,15,74.97
17649,12,46.46
17651,47,76.05
17652,49,170.21
17653,9,35.72
17654,4,19.7
17655,15,73.17
17656,17,49.82
17658,2,2.1
17659,35,140.5
17660,7,15.69
17663,18,61.49
17664,9,22.82
17666,2,14.4
17667,22,52.23
17668,2,23.7
17669,9,20.44
17670,5,10.95
17671,11,30.29
17672,26,79.76
17673,35,49.67
17674,3,2.73
17675,143,532
17676,17,30.88
17677,66,198.04
17678,3,9.58
17679,5,18.78
17680,4,12.95
17682,21,44.37
17684,3,17.35
17685,26,52.54
17686,57,239.08
17690,42,172.02
17691,6,28.55
17692,4,5.45
17693,3,1.96
17694,2,3.24
17695,6,4.58
17696,21,65.03
17697,4,17.4
17698,1,1.45
17700,33,89.92
17701,4,12.9
17702,15,26.59
17703,8,13.97
17704,7,22
17705,19,55.26
17706,71,326.11
17707,1,2.95
17708,10,38.1
17711,4,13.1
17712,6,50.38
17714,1,1.25
17716,59,164.68
17718,1,2.1
17719,58,232.82
17720,11,44.68
17722,21,54.63
17723,2,9.1
17724,7,31.45
17725,39,125.41
17727,16,28.92
17728,27,91.65
17730,33,62.05
17731,20,117.37
17732,3,8.85
17733,8,37.13
17734,7,17.17
17735,124,291.75
17736,2,10.74
17737,1,0.85
17738,23,74.41
17739,9,42.67
17742,2,8.9
17744,25,20.3
17746,2,13.9
17749,6,29.14
17750,31,20.91
17754,12,7.85
17757,123,331.32
17758,69,160.73
17759,23,37.94
17760,3,8.35
17761,6,10.38
17764,13,51.02
17765,16,76.07
17767,4,12.14
17768,19,61.72
17769,53,196.31
17770,3,26.2
17771,15,38.91
17772,6,24.85
17774,37,115.42
17777,29,54.56
17779,14,26.55
17781,1,12.75
17783,9,13.39
17785,2,3.75
17786,15,33.03
17787,31,92.77
17788,2,12.6
17789,3,6.95
17790,33,83.97
17791,2,5.7
17793,13,65.89
17795,7,14.19
17796,11,55.2
17797,22,57.79
17799,94,268.2
17800,26,51.95
17802,22,62.48
17805,1,1.79
17806,7,4.71
17809,10,743.65
17811,154,456.69
17812,28,96.49
17813,55,157.64
17816,5,4.56
17817,7,11.48
17819,8,34.8
17820,1,1.25
17824,3,2.09
17827,49,98.26
17828,18,58.18
17829,5,14.85
17830,3,22.15
17832,13,14.71
17835,8,8.63
17836,4,4.6
17837,39,151.57
17838,22,38.58
17839,9,14.9
17841,1438,3857.71
17843,6,12.8
17844,2,1.66
17848,6,27.94
17849,3,15.15
17850,71,269.48
17852,4,9.2
17854,1,1.25
17855,4,2.51
17856,1,3.75
17857,11,26.73
17858,41,254.05
17859,4,11.36
17860,8,22.2
17861,39,73.82
17862,3,14.7
17863,24,47.58
17864,16,35.86
17865,79,225.58
17866,2,3.35
17867,15,31.57
17869,7,42.84
17870,60,142.47
17871,2,5.8
17873,7,12.37
17874,8,50.35
17877,4,11.85
17878,12,20.68
17879,2,3.55
17880,4,7.3
17881,3,16.55
17883,26,43.35
17884,19,31.09
17885,9,25.68
17886,25,55.7
17888,15,47.48
17889,3,3.37
17890,17,24.99
17891,8,8.83
17892,7,23.75
17893,2,4.16
17894,29,76.66
17895,5,2.93
17897,14,41.63
17898,5,7.09
17899,3,8.15
17900,2,2.7
17901,5,15.53
17904,9,29.85
17905,7,28.18
17906,4,11.9
17908,11,32.54
17911,6,19.18
17912,8,39
17913,13,27.82
17914,12,19.89
17917,13,27.76
17920,107,233.2
17921,20,47.39
17924,4,7.78
17926,2,1.9
17928,4,20.8
17929,3,19.4
17930,7,9.86
17931,13,37.12
17932,10,28.63
17934,3,6.74
17935,8,14.76
17936,15,19.89
17937,8,26.2
17939,2,5.9
17940,3,0.69
17946,5,16.8
17947,3,3.35
17949,21,547.88
17950,11,36.51
17951,2,4.65
17954,84,159.07
17957,8,10.68
17958,2,5.5
17960,3,6.7
17961,42,235.58
17962,4,12.02
17964,9,27.04
17965,67,231.46
17966,9,10.38
17967,13,25.44
17968,14,29.04
17969,4,32.7
17970,3,9.55
17972,6,18.8
17973,4,19.68
17974,42,93.3
17975,54,153.74
17976,18,57.04
17978,1,0.85
17979,23,69
17980,3,5.45
17984,9,13.26
17985,3,2.7
17987,1,0.29
17988,5,57.76
17990,5,15.48
17991,1,2.95
17994,19,49.02
17995,1,0.42
17997,36,100.62
17999,21,52.35
18001,7,18.24
18004,5,14.85
18005,12,47.43
18006,8,21.75
18008,7,37.56
18009,9,53.05
18010,6,21.7
18011,6,13.5
18013,7,8.02
18014,5,18.69
18015,11,12.75
18016,25,76.29
18018,8,27.77
18019,1,4.95
18022,33,74.9
18024,4,6.18
18027,2,2.5
18030,2,12.8
18032,2,4.35
18033,4,5.08
18034,18,18.72
18035,9,16.58
18036,21,42.89
18037,2,9.9
18040,2,4.6
18041,72,158.91
18042,3,22.85
18043,22,56.83
18044,24,105.99
18045,5,7.22
18048,1,0.85
18050,1,3.75
18053,3,6.15
18055,67,269.57
18056,4,6.7
18058,1,0.29
18059,5,9.05
18061,5,31.75
18062,4,18.8
18064,2,5.1
18065,26,110.38
18066,3,7.95
18067,13,43.13
18069,85,198.72
18071,8,19
18072,4,3.4
18073,17,64.54
18074,3,26.65
18075,28,100.07
18077,49,98.48
18078,5,14.79
18079,25,26.31
18080,2,3.8
18082,12,28.91
18085,4,11.65
18086,2,1.94
18087,1,0.85
18088,5,10.06
18092,11,45.1
18093,5,9.85
18094,12,25.27
18095,3,14.35
18096,32,77.82
18097,16,57.01
18099,4,1.81
18101,14,42.35
18102,80,350.11
18104,8,21.98
18105,2,3.3
18106,9,34.1
18108,6,33.7
18109,89,451.17
18110,4,11.04
18112,2,10.2
18114,4,22.6
18116,78,191.04
18117,14,29.61
18118,236,674.91
18119,2,6.37
18120,4,19.55
18121,8,20.5
18122,82,198.48
18123,5,6.25
18125,27,60.03
18126,7,14.23
18127,5,10.59
18129,5,10.7
18130,14,38.35
18133,1,0.16
18135,2,5.4
18136,6,11.88
18138,2,12.9
18139,23,32.84
18142,4,3.57
18143,10,30.17
18144,4,22.55
18145,47,79.66
18146,4,12.4
18147,1,1.25
18149,7,17.22
18150,8,19.95
18151,6,22.2
18154,3,15.55
18155,8,25.9
18156,24,76.49
18158,10,14.63
18159,4,21.35
18160,12,49.85
18161,11,26.31
18164,8,35.51
18165,2,5.7
18167,6,20.85
18168,25,87.63
18169,2,4.6
18170,8,25.7
18171,7,30.65
18172,32,129.43
18173,7,13.95
18176,9,17.4
18177,21,36.08
18178,24,57.16
18179,20,64.45
18180,22,30.25
18181,8,26.5
18183,7,27.65
18185,3,15.05
18188,17,37.04
18189,14,50.1
18190,3,7.15
18191,1,0.85
18192,13,45.51
18193,5,31.58
18194,4,4.72
18196,26,66.81
18198,32,63.12
18200,4,6.72
18202,14,59.03
18203,5,21.25
18204,44,93.14
18205,6,31.54
18209,2,7.2
18210,37,142.26
18211,4,8.9
18212,10,38.94
18213,3,8.89
18215,3,9.12
18216,4,35.2
18217,4,7.98
18218,5,6.52
18219,21,93.8
18221,9,25.16
18222,4,25.01
18223,54,148.17
18224,1,5.95
18225,51,134.12
18226,45,86.47
18227,2,5
18228,8,38.63
18229,27,120.93
18230,13,29.01
18231,20,69.15
18232,6,20.14
18235,16,32.86
18236,9,27.82
18237,15,55.09
18239,14,65.09
18240,1,0.65
18241,23,79.55
18242,18,61.77
18245,38,86.06
18246,1,3.39
18248,8,23.4
18249,2,7.5
18250,5,18.37
18251,6,3.25
18252,19,37.44
18255,3,6.15
18256,1,0.65
18257,20,69.94
18259,9,31.3
18260,28,92.47
18261,2,5.1
18262,4,5.48
18263,8,10.55
18265,8,38.23
18269,2,6.6
18270,3,22.85
18272,36,92.74
18273,2,5.1
18274,6,28
18276,4,17.23
18278,3,10.05
18280,3,12.25
18281,2,2.07
18282,2,19.5
18283,132,227.15
18287,15,20.37